{
  "arm_positions": {
    "home": [0.0000367, 0.4384, -0.0261, 1.1015, -0.1996, 1.5949, -0.00009325],
    "drop_pre": [1.038604269364785, 0.41648536790003554, -1.4712298621939803, 2.1241260948905207, -0.527351018769532, -0.7706533000351588, 0.6232722106232327],
    "drop": [0.06090469707725088, 1.338114407700271, -0.8813380343157133, 0.5289455203195352, -0.308099929416378, -0.32829167975372897, 0.9559637705502464],
    "safe_pick_arm": [0.20628457198415084, -0.7539909602519401, -0.12728435610693634, 1.4316382470480633, -0.14625234227838213, 0.8646056681978287, 0.005513037543281918]
  },
  "amr_poses": {
    "drop_amr": {
      "position": [0.9505041827707041, -3.417177627828032, 2.698258508671357],
      "orientation": [2.0223590538996768e-05, -0.0022125296480499197, 0.9999475185717642, -0.010003219768366574]
    },
    "pick_pre_amr": {
      "position": [-0.6718069133654793, 17.71423182598768, 0.10393177592189493],
      "orientation": [0.0021981351990058256, 3.3383549861453014e-06, 0.0022298725029626693, 0.9999950979175463]
    },
    "lift_0_amr": {
      "position": [-5.224895007700843, 0.2851095450478396, 0.10650527411632921],
      "orientation": [-0.0015874436370769776, -0.0015360907892127491, 0.6965791649575831, 0.7174765413550347]
    },
    "middle_amr": {
      "position": [-0.7748649091606752, 5.262176424636594, 0.10393033968809942],
      "orientation": [0.0022076148719647757, -1.1354774650696532e-05, 0.004393350380622171, -0.9999879123169836]
    },
    "drop_pre_amr": {
     "position": [0.7406417787487839, -3.6802379895814106, 2.698258308258173],
     "orientation": [4.94307311230468e-05, -0.002184344957675612, 0.9997194543401706, -0.023584715548431494]}

}
}
